{
  "accuracy": 0.976,
  "precision": 0.9739413680781759,
  "recall": 0.9966666666666667,
  "f1_score": 0.985172981878089,
  "auc_roc": 0.9813194444444444
}